[{"id":"101","name":"Hungary","img":"hu"},{"id":"102","name":"Iceland","img":"is"},{"id":"103","name":"India","img":"in"},{"id":"104","name":"Indonesia","img":"id"},{"id":"105","name":"Iran, Islamic Republic of","img":"ir"},{"id":"106","name":"Iraq","img":"iq"},{"id":"107","name":"Ireland","img":"ie"},{"id":"108","name":"Isle of Man","img":"im"},{"id":"109","name":"Israel","img":"il"},{"id":"110","name":"Italy","img":"it"},{"id":"111","name":"Jamaica","img":"jm"},{"id":"112","name":"Japan","img":"jp"},{"id":"113","name":"Jersey","img":"je"},{"id":"114","name":"Jordan","img":"jo"},{"id":"115","name":"Kazakhstan","img":"kz"},{"id":"116","name":"Kenya","img":"ke"},{"id":"117","name":"Kiribati","img":"ki"},{"id":"118","name":"Korea, Democratic People's Republic of","img":"kp"},{"id":"119","name":"Korea, Republic of","img":"kr"},{"id":"120","name":"Kuwait","img":"kw"},{"id":"121","name":"Kyrgyzstan","img":"kg"},{"id":"122","name":"Lao People's Democratic Republic","img":"la"},{"id":"123","name":"Latvia","img":"lv"},{"id":"124","name":"Lebanon","img":"lb"},{"id":"125","name":"Lesotho","img":"ls"},{"id":"126","name":"Liberia","img":"lr"},{"id":"127","name":"Libyan Arab Jamahiriya","img":"ly"},{"id":"128","name":"Liechtenstein","img":"li"},{"id":"129","name":"Lithuania","img":"lt"},{"id":"130","name":"Luxembourg","img":"lu"},{"id":"131","name":"Macao","img":"mo"},{"id":"132","name":"Macedonia, The former Yugoslav Republic of","img":"mk"},{"id":"133","name":"Madagascar","img":"mg"},{"id":"134","name":"Malawi","img":"mw"},{"id":"135","name":"Malaysia","img":"my"},{"id":"136","name":"Maldives","img":"mv"},{"id":"137","name":"Mali","img":"ml"},{"id":"138","name":"Malta","img":"mt"},{"id":"139","name":"Marshall Islands","img":"mh"},{"id":"140","name":"Martinique","img":"mq"},{"id":"141","name":"Mauritania","img":"mr"},{"id":"142","name":"Mauritius","img":"mu"},{"id":"143","name":"Mayotte","img":"yt"},{"id":"144","name":"Mexico","img":"mx"},{"id":"145","name":"Micronesia, Federated States of","img":"fm"},{"id":"146","name":"Moldova, Republic of","img":"md"},{"id":"147","name":"Monaco","img":"mc"},{"id":"148","name":"Mongolia","img":"mn"},{"id":"149","name":"Montenegro","img":"me"},{"id":"150","name":"Montserrat","img":"ms"},{"id":"151","name":"Morocco","img":"ma"},{"id":"152","name":"Mozambique","img":"mz"},{"id":"153","name":"Myanmar","img":"mm"},{"id":"154","name":"Namibia","img":"na"},{"id":"155","name":"Nauru","img":"nr"},{"id":"156","name":"Nepal","img":"np"},{"id":"157","name":"Netherlands","img":"nl"},{"id":"158","name":"New Caledonia","img":"nc"},{"id":"159","name":"New Zealand","img":"nz"},{"id":"160","name":"Nicaragua","img":"ni"},{"id":"161","name":"Niger","img":"ne"},{"id":"162","name":"Nigeria","img":"ng"},{"id":"163","name":"Niue","img":"nu"},{"id":"164","name":"Norfolk Island","img":"nf"},{"id":"165","name":"Northern Mariana Islands","img":"mp"},{"id":"166","name":"Norway","img":"no"},{"id":"167","name":"Oman","img":"om"},{"id":"168","name":"Pakistan","img":"pk"},{"id":"169","name":"Palau","img":"pw"},{"id":"170","name":"Palestinian Territory, Occupied","img":"ps"},{"id":"171","name":"Panama","img":"pa"},{"id":"172","name":"Papua New Guinea","img":"pg"},{"id":"173","name":"Paraguay","img":"py"},{"id":"174","name":"Peru","img":"pe"},{"id":"175","name":"Philippines","img":"ph"},{"id":"176","name":"Pitcairn","img":"pn"},{"id":"177","name":"Poland","img":"pl"},{"id":"178","name":"Portugal","img":"pt"},{"id":"179","name":"Puerto Rico","img":"pr"},{"id":"180","name":"Qatar","img":"qa"},{"id":"181","name":"Reunion","img":"re"},{"id":"182","name":"Romania","img":"ro"},{"id":"183","name":"Russian Federation","img":"ru"},{"id":"184","name":"Rwanda","img":"rw"},{"id":"185","name":"Saint Barthelemy","img":"bl"},{"id":"186","name":"Saint Helena, Ascension and Tristan Da Cunha","img":"sh"},{"id":"187","name":"Saint Kitts and Nevis","img":"kn"},{"id":"188","name":"Saint Lucia","img":"lc"},{"id":"189","name":"Saint Martin (French Part)","img":"mf"},{"id":"190","name":"Saint Pierre and Miquelon","img":"pm"},{"id":"191","name":"Saint Vincent and The Grenadines","img":"vc"},{"id":"192","name":"Samoa","img":"ws"},{"id":"193","name":"San Marino","img":"sm"},{"id":"194","name":"Sao Tome and Principe","img":"st"},{"id":"195","name":"Saudi Arabia","img":"sa"},{"id":"196","name":"Senegal","img":"sn"},{"id":"197","name":"Serbia","img":"rs"},{"id":"198","name":"Seychelles","img":"sc"},{"id":"199","name":"Sierra Leone","img":"sl"},{"id":"200","name":"Singapore","img":"sg"}]