[{"id":"201","name":"Sint Maarten (Dutch Part)","img":"sx"},{"id":"202","name":"Slovakia","img":"sk"},{"id":"203","name":"Slovenia","img":"si"},{"id":"204","name":"Solomon Islands","img":"sb"},{"id":"205","name":"Somalia","img":"so"},{"id":"206","name":"South Africa","img":"za"},{"id":"207","name":"South Georgia and The South Sandwich Islands","img":"gs"},{"id":"208","name":"South Sudan","img":"ss"},{"id":"209","name":"Spain","img":"es"},{"id":"210","name":"Sri Lanka","img":"lk"},{"id":"211","name":"Sudan","img":"sd"},{"id":"212","name":"Suriname","img":"sr"},{"id":"213","name":"Svalbard and Jan Mayen","img":"sj"},{"id":"214","name":"Swaziland","img":"sz"},{"id":"215","name":"Sweden","img":"se"},{"id":"216","name":"Switzerland","img":"ch"},{"id":"217","name":"Syrian Arab Republic","img":"sy"},{"id":"218","name":"Taiwan, Province of China","img":"tw"},{"id":"219","name":"Tajikistan","img":"tj"},{"id":"220","name":"Tanzania, United Republic of","img":"tz"},{"id":"221","name":"Thailand","img":"th"},{"id":"222","name":"Timor-Leste","img":"tl"},{"id":"223","name":"Togo","img":"tg"},{"id":"224","name":"Tokelau","img":"tk"},{"id":"225","name":"Tonga","img":"to"},{"id":"226","name":"Trinidad and Tobago","img":"tt"},{"id":"227","name":"Tunisia","img":"tn"},{"id":"228","name":"Turkey","img":"tr"},{"id":"229","name":"Turkmenistan","img":"tm"},{"id":"230","name":"Turks and Caicos Islands","img":"tc"},{"id":"231","name":"Tuvalu","img":"tv"},{"id":"232","name":"Uganda","img":"ug"},{"id":"233","name":"Ukraine","img":"ua"},{"id":"234","name":"United Arab Emirates","img":"ae"},{"id":"235","name":"United Kingdom","img":"gb"},{"id":"236","name":"United States","img":"us"},{"id":"237","name":"United States Minor Outlying Islands","img":"um"},{"id":"238","name":"Uruguay","img":"uy"},{"id":"239","name":"Uzbekistan","img":"uz"},{"id":"240","name":"Vanuatu","img":"vu"},{"id":"241","name":"Venezuela, Bolivarian Republic of","img":"ve"},{"id":"242","name":"Viet Nam","img":"vn"},{"id":"243","name":"Virgin Islands, British","img":"vg"},{"id":"244","name":"Virgin Islands, U.S.","img":"vi"},{"id":"245","name":"Wallis and Futuna","img":"wf"},{"id":"246","name":"Western Sahara","img":"eh"},{"id":"247","name":"Yemen","img":"ye"},{"id":"248","name":"Zambia","img":"zm"},{"id":"249","name":"Zimbabwe","img":"zw"}]